game_number,score,frame_count,mean_score,mean_frame_count
1,11,450,11,450
2,0,33,5.5,241.5
3,15,534,8.666666667,339
4,8,271,8.5,322
5,0,2,6.8,258
6,0,16,5.666666667,217.6666667
7,10,322,6.285714286,232.5714286
8,13,473,7.125,262.625
9,7,239,7.111111111,260
10,18,682,8.2,302.2
11,0,16,7.454545455,276.1818182
12,2,97,7,261.25
13,12,455,7.384615385,276.1538462
14,13,471,7.785714286,290.0714286
15,0,1,7.266666667,270.8
